{"count":1,"self":142.394624,"total":493.403977,"children":{"InitializeActuators":{"count":1,"self":0.0005157,"total":0.0005157,"children":null},"InitializeSensors":{"count":1,"self":0.0020367,"total":0.0020367,"children":null},"AgentSendState":{"count":205201,"self":0.4280002,"total":17.354189599999998,"children":{"CollectObservations":{"count":41041,"self":15.57796,"total":15.57796,"children":null},"WriteActionMask":{"count":41041,"self":0.0653025,"total":0.0653025,"children":null},"RequestDecision":{"count":41041,"self":0.16726049999999998,"total":1.2829268999999999,"children":{"AgentInfo.ToProto":{"count":41041,"self":0.1876086,"total":1.1156664,"children":{"GenerateSensorData":{"count":41041,"self":0.92805779999999993,"total":0.92805779999999993,"children":null}}}}}}},"DecideAction":{"count":205201,"self":333.00912639999996,"total":333.009115,"children":null},"AgentAct":{"count":205201,"self":0.63416719999999993,"total":0.6419635,"children":{"AgentInfo.ToProto":{"count":292,"self":0.00050349999999999993,"total":0.0077963,"children":{"GenerateSensorData":{"count":292,"self":0.0072927999999999995,"total":0.0072927999999999995,"children":null}}}}}},"gauges":{"cooking.CumulativeReward":{"count":292,"max":19,"min":0,"runningAverage":0.845890343,"value":0,"weightedAverage":0.198099464}},"metadata":{"timer_format_version":"0.1.0","start_time_seconds":"1746100404","unity_version":"6000.0.26f1","command_line_arguments":"D:\\UnityHub\\Installs\\6000.0.26f1\\Editor\\Unity.exe -projectpath D:\\Universidad\\Ara\\Undercooked -useHub -hubIPC -cloudEnvironment production","communication_protocol_version":"1.5.0","com.unity.ml-agents_version":"3.0.0","scene_name":"simplifiedTrain","end_time_seconds":"1746100898"}}